Metric,Mean,Std,Median,Min,Max
Dice Coefficient,0.8372512525730583,0.3081160253802203,1.0,5.959475562598643e-10,1.0
IoU,0.8039988705068257,0.32091880566400766,1.0,5.959475562598643e-10,1.0
Precision,0.2895576544307484,0.4063042206355984,0.0,0.0,0.9999999920000001
Recall,0.3002859030348768,0.4258578656242666,0.0,0.0,0.9999999946524064
F1 Score,0.2830137952032352,0.4019835466155007,0.0,0.0,0.9794704826551874
HD95 (pixels),3.6072522484291074,12.812561088379422,0.0,0.0,121.2584015155563
ASD (pixels),1.5238762764933458,5.753533394428637,0.0,0.0,104.00774134932288
Specificity,0.9979941715878957,0.0,0.9979941715878957,0.9979941715878957,0.9979941715878957
ROC AUC,0.988924487171423,0.0,0.988924487171423,0.988924487171423,0.988924487171423
