Metric,Mean,Std,Median,Min,Max
Dice Coefficient,0.8564536691785762,0.2856859149561251,1.0,4.847309740742943e-10,1.0
IoU,0.8230327819492377,0.301044798104085,1.0,4.847309740742943e-10,1.0
Precision,0.2805547129417598,0.39800702122253717,0.0,0.0,0.9999999973404256
Recall,0.2994920861424088,0.4285534372946434,0.0,0.0,0.9999999996726678
F1 Score,0.2784874008000365,0.39950935233082213,0.0,0.0,0.9754935707157631
HD95 (pixels),3.5820866333781125,11.90544349352656,0.0,0.0,128.6366927463376
ASD (pixels),1.334593701569847,3.671025117971728,0.0,0.0,56.58885933259458
Specificity,0.9978521574714466,0.0,0.9978521574714466,0.9978521574714466,0.9978521574714466
ROC AUC,0.9889119044443776,0.0,0.9889119044443776,0.9889119044443776,0.9889119044443776
